accession,ticker,trade_date,filing_date,insider_type,number_shares,price_per_share,xml_url
0001628280-21-010004,KLAC,2021-05-11,2021-05-12,Director,377,301.025,https://www.sec.gov/Archives/edgar/data/319201/000162828021010004/xslF345X03/wf-form4_162085009166454.xml
0001628280-18-009104,KLAC,2018-02-14,2018-07-03,Director,204,107.088,https://www.sec.gov/Archives/edgar/data/319201/000162828018009104/xslF345X03/wf-form4_153066520607592.xml
0001628280-18-009104,KLAC,2018-04-27,2018-07-03,Director,107,101.571,https://www.sec.gov/Archives/edgar/data/319201/000162828018009104/xslF345X03/wf-form4_153066520607592.xml
0001628280-15-003459,KLAC,2015-03-03,2015-05-01,Officer,67,64.436,https://www.sec.gov/Archives/edgar/data/319201/000162828015003459/xslF345X03/wf-form4_143052144442541.xml
0001225208-21-012183,ON,2021-09-07,2021-09-09,Director,17000.0000,45.2600,https://www.sec.gov/Archives/edgar/data/1097864/000122520821012183/xslF345X03/doc4.xml
0001225208-16-041639,ON,2016-11-10,2016-11-14,Director,2500.0000,11.3000,https://www.sec.gov/Archives/edgar/data/1097864/000122520816041639/xslF345X03/doc4.xml
0001225208-16-026543,ON,2016-02-11,2016-02-16,"Director, Officer",20000.0000,7.1743,https://www.sec.gov/Archives/edgar/data/1097864/000122520816026543/xslF345X03/doc4.xml
0001225208-16-026466,ON,2016-02-11,2016-02-16,Director,50000.0000,7.0200,https://www.sec.gov/Archives/edgar/data/1097864/000122520816026466/xslF345X03/doc4.xml
0001225208-16-026466,ON,2016-02-11,2016-02-16,Director,23000.0000,7.0700,https://www.sec.gov/Archives/edgar/data/1097864/000122520816026466/xslF345X03/doc4.xml
0001225208-16-026466,ON,2016-02-11,2016-02-16,Director,7000.0000,6.9900,https://www.sec.gov/Archives/edgar/data/1097864/000122520816026466/xslF345X03/doc4.xml
0001225208-16-026466,ON,2016-02-12,2016-02-16,Director,4000.0000,7.0600,https://www.sec.gov/Archives/edgar/data/1097864/000122520816026466/xslF345X03/doc4.xml
0001225208-16-026466,ON,2016-02-12,2016-02-16,Director,2037.0000,7.0500,https://www.sec.gov/Archives/edgar/data/1097864/000122520816026466/xslF345X03/doc4.xml
0001225208-16-026465,ON,2016-02-11,2016-02-16,Director,100000.0000,7.1020,https://www.sec.gov/Archives/edgar/data/1097864/000122520816026465/xslF345X03/doc4.xml
0001225208-15-021259,ON,2015-11-20,2015-11-23,Director,100000.0000,10.1977,https://www.sec.gov/Archives/edgar/data/1097864/000122520815021259/xslF345X03/doc4.xml
0001225208-15-017665,ON,2015-08-26,2015-08-28,Officer,7000.0000,9.0897,https://www.sec.gov/Archives/edgar/data/1097864/000122520815017665/xslF345X03/doc4.xml
0001225208-15-017045,ON,2015-08-13,2015-08-14,Director,4000.0000,9.7800,https://www.sec.gov/Archives/edgar/data/1097864/000122520815017045/xslF345X03/doc4.xml
0001225208-15-014081,ON,2015-06-15,2015-06-17,Director,5700.0000,12.4199,https://www.sec.gov/Archives/edgar/data/1097864/000122520815014081/xslF345X03/doc4.xml
0001225208-15-014081,ON,2015-06-15,2015-06-17,Director,2200.0000,12.4150,https://www.sec.gov/Archives/edgar/data/1097864/000122520815014081/xslF345X03/doc4.xml
0001225208-15-013830,ON,2015-06-11,2015-06-12,Director,5000.0000,12.7400,https://www.sec.gov/Archives/edgar/data/1097864/000122520815013830/xslF345X03/doc4.xml
0001225208-15-013830,ON,2015-06-11,2015-06-12,Director,2100.0000,12.7500,https://www.sec.gov/Archives/edgar/data/1097864/000122520815013830/xslF345X03/doc4.xml
0001413447-23-000071,NXPI,2023-08-02,2023-08-03,Other,203,218.07,https://www.sec.gov/Archives/edgar/data/1413447/000141344723000071/xslF345X05/wk-form4_1691100014.xml
0001413447-22-000009,NXPI,2022-03-15,2022-03-16,Director,135,178.07,https://www.sec.gov/Archives/edgar/data/1413447/000141344722000009/xslF345X03/wf-form4_164746704985700.xml
0001413447-21-000048,NXPI,2020-10-06,2021-05-27,Director,2.1166,132.98,https://www.sec.gov/Archives/edgar/data/1413447/000141344721000048/xslF345X03/wf-form4_162215264962156.xml
0001413447-20-000121,NXPI,2020-10-29,2020-10-29,Director,1500,134.30,https://www.sec.gov/Archives/edgar/data/1413447/000141344720000121/xslF345X03/wf-form4_160401254743284.xml
0001413447-20-000030,NXPI,2020-04-30,2020-05-04,Director,172,101.5599,https://www.sec.gov/Archives/edgar/data/1413447/000141344720000030/xslF345X03/wf-form4_158863069431316.xml
0001127602-23-013907,TXN,2021-03-09,2023-05-01,Officer,21,169.821,https://www.sec.gov/Archives/edgar/data/97476/000112760223013907/xslF345X04/form4.xml
0001127602-23-013907,TXN,2021-03-10,2023-05-01,Officer,24,170.363,https://www.sec.gov/Archives/edgar/data/97476/000112760223013907/xslF345X04/form4.xml
0001127602-23-013907,TXN,2021-06-21,2023-05-01,Officer,12,185.847,https://www.sec.gov/Archives/edgar/data/97476/000112760223013907/xslF345X04/form4.xml
0001127602-23-013907,TXN,2021-06-22,2023-05-01,Officer,11,186.442,https://www.sec.gov/Archives/edgar/data/97476/000112760223013907/xslF345X04/form4.xml
0001127602-23-013907,TXN,2021-07-16,2023-05-01,Officer,22,187.799,https://www.sec.gov/Archives/edgar/data/97476/000112760223013907/xslF345X04/form4.xml
0001127602-23-013907,TXN,2021-07-19,2023-05-01,Officer,14,185.455,https://www.sec.gov/Archives/edgar/data/97476/000112760223013907/xslF345X04/form4.xml
0001127602-23-013907,TXN,2022-07-29,2023-05-01,Officer,6,177.543,https://www.sec.gov/Archives/edgar/data/97476/000112760223013907/xslF345X04/form4.xml
0001127602-21-003344,TXN,2021-01-28,2021-02-01,Director,5975,166.9112,https://www.sec.gov/Archives/edgar/data/97476/000112760221003344/xslF345X03/form4.xml
0001127602-18-031208,TXN,2018-10-25,2018-10-29,Director,10900,91.6969,https://www.sec.gov/Archives/edgar/data/97476/000112760218031208/xslF345X03/form4.xml
0001209191-21-016551,HON,2019-07-02,2021-03-02,Officer,13,177.15,https://www.sec.gov/Archives/edgar/data/773840/000120919121016551/xslF345X03/doc4.xml
0001209191-21-016551,HON,2019-08-07,2021-03-02,Officer,5,162.22,https://www.sec.gov/Archives/edgar/data/773840/000120919121016551/xslF345X03/doc4.xml
0000899243-20-034783,HON,2020-12-17,2020-12-21,Other,15000,4.20,https://www.sec.gov/Archives/edgar/data/773840/000089924320034783/xslF345X03/doc4.xml
0000899243-20-034783,HON,2020-12-21,2020-12-21,Other,4000,4.20,https://www.sec.gov/Archives/edgar/data/773840/000089924320034783/xslF345X03/doc4.xml
0000899243-20-031361,HON,2020-11-13,2020-11-17,Other,17100,4.18,https://www.sec.gov/Archives/edgar/data/773840/000089924320031361/xslF345X03/doc4.xml
0000899243-20-030891,HON,2020-11-09,2020-11-12,Other,135000,4.18,https://www.sec.gov/Archives/edgar/data/773840/000089924320030891/xslF345X03/doc4.xml
0000899243-20-030891,HON,2020-11-10,2020-11-12,Other,45000,4.19,https://www.sec.gov/Archives/edgar/data/773840/000089924320030891/xslF345X03/doc4.xml
0000899243-20-030891,HON,2020-11-11,2020-11-12,Other,34700,4.18,https://www.sec.gov/Archives/edgar/data/773840/000089924320030891/xslF345X03/doc4.xml
0000899243-20-030891,HON,2020-11-12,2020-11-12,Other,76100,4.19,https://www.sec.gov/Archives/edgar/data/773840/000089924320030891/xslF345X03/doc4.xml
0000899243-20-030593,HON,2020-11-04,2020-11-06,Other,68700,4.00,https://www.sec.gov/Archives/edgar/data/773840/000089924320030593/xslF345X03/doc4.xml
0000899243-20-030593,HON,2020-11-05,2020-11-06,Other,79467,4.07,https://www.sec.gov/Archives/edgar/data/773840/000089924320030593/xslF345X03/doc4.xml
0000899243-20-030593,HON,2020-11-06,2020-11-06,Other,5500,4.20,https://www.sec.gov/Archives/edgar/data/773840/000089924320030593/xslF345X03/doc4.xml
0000899243-20-030145,HON,2020-10-29,2020-11-02,Other,1700000,3.75,https://www.sec.gov/Archives/edgar/data/773840/000089924320030145/xslF345X03/doc4.xml
0000899243-20-030145,HON,2020-10-30,2020-11-02,Other,117398,3.79,https://www.sec.gov/Archives/edgar/data/773840/000089924320030145/xslF345X03/doc4.xml
0000899243-20-030145,HON,2020-11-02,2020-11-02,Other,130951,3.91,https://www.sec.gov/Archives/edgar/data/773840/000089924320030145/xslF345X03/doc4.xml
0000899243-20-029599,HON,2020-10-26,2020-10-28,Other,44600,3.39,https://www.sec.gov/Archives/edgar/data/773840/000089924320029599/xslF345X03/doc4.xml
0000899243-20-029599,HON,2020-10-27,2020-10-28,Other,150000,3.56,https://www.sec.gov/Archives/edgar/data/773840/000089924320029599/xslF345X03/doc4.xml
0000899243-20-029599,HON,2020-10-28,2020-10-28,Other,220000,3.64,https://www.sec.gov/Archives/edgar/data/773840/000089924320029599/xslF345X03/doc4.xml
0000899243-15-001800,AAPL,2015-07-24,2015-07-28,Director,100,124.27,https://www.sec.gov/Archives/edgar/data/320193/000089924315001800/xslF345X03/doc4.xml
0000899243-15-001800,AAPL,2015-07-24,2015-07-28,Director,100,124.34,https://www.sec.gov/Archives/edgar/data/320193/000089924315001800/xslF345X03/doc4.xml
0000899243-15-001800,AAPL,2015-07-24,2015-07-28,Director,100,124.33,https://www.sec.gov/Archives/edgar/data/320193/000089924315001800/xslF345X03/doc4.xml
0000899243-15-001800,AAPL,2015-07-24,2015-07-28,Director,1500,124.12,https://www.sec.gov/Archives/edgar/data/320193/000089924315001800/xslF345X03/doc4.xml
0000899243-15-001800,AAPL,2015-07-27,2015-07-28,Director,2000,122.90,https://www.sec.gov/Archives/edgar/data/320193/000089924315001800/xslF345X03/doc4.xml
0000827054-22-000121,MCHP,2022-06-17,2022-06-21,"Director, Officer",5000,57.70,https://www.sec.gov/Archives/edgar/data/827054/000082705422000121/xslF345X03/wf-form4_165581756296704.xml
0000827054-22-000121,MCHP,2022-06-17,2022-06-21,"Director, Officer",3000,56.6003,https://www.sec.gov/Archives/edgar/data/827054/000082705422000121/xslF345X03/wf-form4_165581756296704.xml
0000827054-18-000153,MCHP,2018-08-14,2018-08-14,Officer,12000,84.1001,https://www.sec.gov/Archives/edgar/data/827054/000082705418000153/xslF345X03/edgar.xml
0000707549-22-000069,LRCX,2022-04-26,2022-04-27,Director,1736,460.35,https://www.sec.gov/Archives/edgar/data/707549/000070754922000069/xslF345X03/wf-form4_165109351905254.xml
0001730168-23-000083,AVGO,2023-09-15,2023-09-19,Director,1000,858.9582,https://www.sec.gov/Archives/edgar/data/1730168/000173016823000083/xslF345X05/wk-form4_1695157759.xml
0001730168-23-000079,AVGO,2023-09-06,2023-09-08,Director,11000,872.0256,https://www.sec.gov/Archives/edgar/data/1730168/000173016823000079/xslF345X05/wk-form4_1694208310.xml
0001730168-22-000036,AVGO,2022-03-10,2022-03-14,Director,34,580,https://www.sec.gov/Archives/edgar/data/1730168/000173016822000036/xslF345X03/wf-form4_164729117256288.xml
0001730168-22-000036,AVGO,2022-03-10,2022-03-14,Director,34,585,https://www.sec.gov/Archives/edgar/data/1730168/000173016822000036/xslF345X03/wf-form4_164729117256288.xml
0001730168-22-000033,AVGO,2022-03-08,2022-03-10,Director,34,579.534,https://www.sec.gov/Archives/edgar/data/1730168/000173016822000033/xslF345X03/wf-form4_164695018644594.xml
0001730168-22-000033,AVGO,2022-03-09,2022-03-10,Director,66,588.79,https://www.sec.gov/Archives/edgar/data/1730168/000173016822000033/xslF345X03/wf-form4_164695018644594.xml
0001730168-21-000163,AVGO,2021-12-16,2021-12-17,Director,80,625,https://www.sec.gov/Archives/edgar/data/1730168/000173016821000163/xslF345X03/wf-form4_163978233114429.xml
0001730168-21-000163,AVGO,2021-12-16,2021-12-17,Director,79,629,https://www.sec.gov/Archives/edgar/data/1730168/000173016821000163/xslF345X03/wf-form4_163978233114429.xml
0001730168-21-000150,AVGO,2021-12-14,2021-12-16,Director,81,612.61,https://www.sec.gov/Archives/edgar/data/1730168/000173016821000150/xslF345X03/wf-form4_163969276263361.xml
0001730168-21-000150,AVGO,2021-12-15,2021-12-16,Director,81,615,https://www.sec.gov/Archives/edgar/data/1730168/000173016821000150/xslF345X03/wf-form4_163969276263361.xml
0001730168-21-000143,AVGO,2021-09-29,2021-10-01,Director,152,489.535,https://www.sec.gov/Archives/edgar/data/1730168/000173016821000143/xslF345X03/wf-form4_163312113471878.xml
0001730168-21-000137,AVGO,2021-09-21,2021-09-23,Director,151,493.49,https://www.sec.gov/Archives/edgar/data/1730168/000173016821000137/xslF345X03/wf-form4_163242900206953.xml
0001730168-21-000047,AVGO,2021-03-10,2021-03-12,Director,91,436.844,https://www.sec.gov/Archives/edgar/data/1730168/000173016821000047/xslF345X03/wf-form4_161558581471130.xml
0001730168-20-000209,AVGO,2020-12-15,2020-12-17,Director,120,416.80,https://www.sec.gov/Archives/edgar/data/1730168/000173016820000209/xslF345X03/wf-form4_160824176481868.xml
0001104659-20-107002,AVGO,2020-09-18,2020-09-21,Director,101740,361.45,https://www.sec.gov/Archives/edgar/data/1730168/000110465920107002/xslF345X03/tm2031404d1_form4.xml
0001730168-20-000166,AVGO,2020-09-09,2020-09-11,Director,84,358.105,https://www.sec.gov/Archives/edgar/data/1730168/000173016820000166/xslF345X03/wf-form4_159985886218104.xml
0001730168-20-000166,AVGO,2020-09-10,2020-09-11,Director,83,363,https://www.sec.gov/Archives/edgar/data/1730168/000173016820000166/xslF345X03/wf-form4_159985886218104.xml
0000899243-18-010288,AVGO,2018-04-13,2018-04-17,Director,4976,245.50,https://www.sec.gov/Archives/edgar/data/1730168/000089924318010288/xslF345X03/doc4.xml
0000899243-18-010288,AVGO,2018-04-13,2018-04-17,Director,71,245.50,https://www.sec.gov/Archives/edgar/data/1730168/000089924318010288/xslF345X03/doc4.xml
0000899243-18-010288,AVGO,2018-04-13,2018-04-17,Director,47594,246.38,https://www.sec.gov/Archives/edgar/data/1730168/000089924318010288/xslF345X03/doc4.xml
0000899243-18-010288,AVGO,2018-04-13,2018-04-17,Director,681,246.38,https://www.sec.gov/Archives/edgar/data/1730168/000089924318010288/xslF345X03/doc4.xml
0000899243-18-010288,AVGO,2018-04-13,2018-04-17,Director,99517,247.50,https://www.sec.gov/Archives/edgar/data/1730168/000089924318010288/xslF345X03/doc4.xml
0000899243-18-010288,AVGO,2018-04-13,2018-04-17,Director,1424,247.50,https://www.sec.gov/Archives/edgar/data/1730168/000089924318010288/xslF345X03/doc4.xml
0000899243-18-010288,AVGO,2018-04-13,2018-04-17,Director,121864,248.33,https://www.sec.gov/Archives/edgar/data/1730168/000089924318010288/xslF345X03/doc4.xml
0000899243-18-010288,AVGO,2018-04-13,2018-04-17,Director,1744,248.33,https://www.sec.gov/Archives/edgar/data/1730168/000089924318010288/xslF345X03/doc4.xml
0000899243-18-010288,AVGO,2018-04-13,2018-04-17,Director,65947,249.17,https://www.sec.gov/Archives/edgar/data/1730168/000089924318010288/xslF345X03/doc4.xml
0000899243-18-010288,AVGO,2018-04-13,2018-04-17,Director,943,249.17,https://www.sec.gov/Archives/edgar/data/1730168/000089924318010288/xslF345X03/doc4.xml
0001205233-19-000116,QCOM,2019-12-10,2019-12-11,Director,500,84.5968,https://www.sec.gov/Archives/edgar/data/804328/000120523319000116/xslF345X03/edgardoc.xml
0001205233-19-000074,QCOM,2019-08-28,2019-08-29,Director,2705,73.8398,https://www.sec.gov/Archives/edgar/data/804328/000120523319000074/xslF345X03/edgardoc.xml
0000796343-24-000004,ADBE,2024-01-05,2024-01-08,Director,15,567.0254,https://www.sec.gov/Archives/edgar/data/796343/000079634324000004/xslF345X05/wk-form4_1704749747.xml
0000796343-23-000143,ADBE,2023-06-21,2023-06-22,Director,40,492,https://www.sec.gov/Archives/edgar/data/796343/000079634323000143/xslF345X04/wk-form4_1687474973.xml
0000796343-22-000194,ADBE,2022-09-27,2022-09-27,Director,1200,280.56,https://www.sec.gov/Archives/edgar/data/796343/000079634322000194/xslF345X03/wf-form4_166432130478797.xml
0000796343-22-000191,ADBE,2022-09-22,2022-09-23,Officer,3250,288.11,https://www.sec.gov/Archives/edgar/data/796343/000079634322000191/xslF345X03/wf-form4_166393516944444.xml
0000796343-22-000014,ADBE,2022-01-06,2022-01-10,Director,482,517.63,https://www.sec.gov/Archives/edgar/data/796343/000079634322000014/xslF345X03/wf-form4_164185395404144.xml
0000796343-22-000014,ADBE,2022-01-07,2022-01-10,Director,491,509.72,https://www.sec.gov/Archives/edgar/data/796343/000079634322000014/xslF345X03/wf-form4_164185395404144.xml
0000796343-18-000215,ADBE,2018-12-20,2018-12-21,Director,75,216.58,https://www.sec.gov/Archives/edgar/data/796343/000079634318000215/xslF345X03/wf-form4_154542613400181.xml
0000796343-18-000162,ADBE,2018-09-24,2018-09-26,Director,75,261.4321,https://www.sec.gov/Archives/edgar/data/796343/000079634318000162/xslF345X03/wf-form4_153799384481934.xml
0000796343-17-000192,ADBE,2017-12-18,2017-12-19,Director,1125,177.3507,https://www.sec.gov/Archives/edgar/data/796343/000079634317000192/xslF345X03/wf-form4_151371920690917.xml
0001091667-24-000035,CHTR,2024-02-06,2024-02-07,"Director, Officer",5050,295.29,https://www.sec.gov/Archives/edgar/data/1091667/000109166724000035/xslF345X05/wk-form4_1707340355.xml
0001091667-23-000026,CHTR,2023-01-31,2023-02-01,Director,2500,384.3499,https://www.sec.gov/Archives/edgar/data/1091667/000109166723000026/xslF345X03/wf-form4_167528599158753.xml
0001091667-22-000117,CHTR,2022-11-01,2022-11-03,Director,2320,371.52,https://www.sec.gov/Archives/edgar/data/1091667/000109166722000117/xslF345X03/wf-form4_166750636393566.xml
0001091667-22-000117,CHTR,2022-11-01,2022-11-03,Director,3301,372.49,https://www.sec.gov/Archives/edgar/data/1091667/000109166722000117/xslF345X03/wf-form4_166750636393566.xml
0001091667-22-000117,CHTR,2022-11-01,2022-11-03,Director,10881,373.02,https://www.sec.gov/Archives/edgar/data/1091667/000109166722000117/xslF345X03/wf-form4_166750636393566.xml
0001091667-22-000117,CHTR,2022-11-01,2022-11-03,Director,1548,374.42,https://www.sec.gov/Archives/edgar/data/1091667/000109166722000117/xslF345X03/wf-form4_166750636393566.xml
0001091667-22-000117,CHTR,2022-11-01,2022-11-03,Director,3452,375.44,https://www.sec.gov/Archives/edgar/data/1091667/000109166722000117/xslF345X03/wf-form4_166750636393566.xml
0001091667-22-000117,CHTR,2022-11-01,2022-11-03,Director,3200,376.66,https://www.sec.gov/Archives/edgar/data/1091667/000109166722000117/xslF345X03/wf-form4_166750636393566.xml
0001091667-22-000117,CHTR,2022-11-01,2022-11-03,Director,2500,377.33,https://www.sec.gov/Archives/edgar/data/1091667/000109166722000117/xslF345X03/wf-form4_166750636393566.xml
0001091667-22-000028,CHTR,2022-02-01,2022-02-02,Officer,1444,591.5779,https://www.sec.gov/Archives/edgar/data/1091667/000109166722000028/xslF345X03/wf-form4_164383574519669.xml
0001091667-22-000028,CHTR,2022-02-01,2022-02-02,Officer,1306,592.3792,https://www.sec.gov/Archives/edgar/data/1091667/000109166722000028/xslF345X03/wf-form4_164383574519669.xml
0001091667-17-000107,CHTR,2017-10-30,2017-10-31,Officer,3100,323.61,https://www.sec.gov/Archives/edgar/data/1091667/000109166717000107/xslF345X03/edgar.xml
0001091667-17-000083,CHTR,2017-05-11,2017-05-15,Director,1200,326.31,https://www.sec.gov/Archives/edgar/data/1091667/000109166717000083/xslF345X03/edgar.xml
0001091667-16-000557,CHTR,2016-08-18,2016-08-19,Director,1000,255.00,https://www.sec.gov/Archives/edgar/data/1091667/000109166716000557/xslF345X03/edgar.xml
0001091667-16-000398,CHTR,2016-02-09,2016-02-11,Director,1000,163.84,https://www.sec.gov/Archives/edgar/data/1091667/000109166716000398/xslF345X03/edgar.xml
0001209191-19-032631,CTSH,2019-05-23,2019-05-24,"Director, Officer",19000,61.0917,https://www.sec.gov/Archives/edgar/data/1058290/000120919119032631/xslF345X03/doc4.xml
0001214659-16-009997,ANSS,2016-02-29,2016-03-02,,1250,83.7971,https://www.sec.gov/Archives/edgar/data/1013462/000121465916009997/xslF345X03/marketforms-34630.xml
0001214659-14-007513,ANSS,2014-11-06,2014-11-10,,824,77.96,https://www.sec.gov/Archives/edgar/data/1013462/000121465914007513/xslF345X03/marketforms-27225.xml
0001214659-14-007513,ANSS,2014-11-06,2014-11-10,,576,77.95,https://www.sec.gov/Archives/edgar/data/1013462/000121465914007513/xslF345X03/marketforms-27225.xml
0001214659-14-006154,ANSS,2014-08-22,2014-08-26,,1200,82.614,https://www.sec.gov/Archives/edgar/data/1013462/000121465914006154/xslF345X03/marketforms-25695.xml
0001127602-23-002146,AMAT,2021-10-11,2023-01-24,Director,29,128.26,https://www.sec.gov/Archives/edgar/data/6951/000112760223002146/xslF345X03/form4.xml
0001127602-23-002146,AMAT,2021-10-14,2023-01-24,Director,29,131.57,https://www.sec.gov/Archives/edgar/data/6951/000112760223002146/xslF345X03/form4.xml
0001127602-23-002146,AMAT,2021-11-15,2023-01-24,Director,27,156.51,https://www.sec.gov/Archives/edgar/data/6951/000112760223002146/xslF345X03/form4.xml
0001127602-23-002146,AMAT,2021-11-15,2023-01-24,Director,28,156.51,https://www.sec.gov/Archives/edgar/data/6951/000112760223002146/xslF345X03/form4.xml
0001127602-23-002146,AMAT,2021-12-15,2023-01-24,Director,27,146.65,https://www.sec.gov/Archives/edgar/data/6951/000112760223002146/xslF345X03/form4.xml
0001127602-23-002146,AMAT,2021-12-15,2023-01-24,Director,28,146.65,https://www.sec.gov/Archives/edgar/data/6951/000112760223002146/xslF345X03/form4.xml
0001127602-23-002146,AMAT,2022-01-14,2023-01-24,Director,28,163.00,https://www.sec.gov/Archives/edgar/data/6951/000112760223002146/xslF345X03/form4.xml
0001127602-23-002146,AMAT,2022-01-14,2023-01-24,Director,28,159.89,https://www.sec.gov/Archives/edgar/data/6951/000112760223002146/xslF345X03/form4.xml
0001127602-23-002146,AMAT,2022-02-14,2023-01-24,Director,30,131.53,https://www.sec.gov/Archives/edgar/data/6951/000112760223002146/xslF345X03/form4.xml
0001127602-23-002146,AMAT,2022-02-14,2023-01-24,Director,30,131.53,https://www.sec.gov/Archives/edgar/data/6951/000112760223002146/xslF345X03/form4.xml
0001127602-23-002146,AMAT,2022-03-08,2023-01-24,Director,37,123.26,https://www.sec.gov/Archives/edgar/data/6951/000112760223002146/xslF345X03/form4.xml
0001127602-23-002146,AMAT,2022-03-08,2023-01-24,Director,36,123.26,https://www.sec.gov/Archives/edgar/data/6951/000112760223002146/xslF345X03/form4.xml
0001127602-23-002146,AMAT,2022-06-21,2023-01-24,Director,20,94.75,https://www.sec.gov/Archives/edgar/data/6951/000112760223002146/xslF345X03/form4.xml
0001127602-15-027638,AMAT,2015-09-24,2015-09-25,"Director, Officer",30000,14.34,https://www.sec.gov/Archives/edgar/data/6951/000112760215027638/xslF345X03/form4.xml
0001127602-15-025740,AMAT,2015-08-21,2015-08-24,"Director, Officer",10000,15.68,https://www.sec.gov/Archives/edgar/data/6951/000112760215025740/xslF345X03/form4.xml
0001127602-15-025442,AMAT,2015-08-17,2015-08-19,Director,11827,16.88,https://www.sec.gov/Archives/edgar/data/6951/000112760215025442/xslF345X03/form4.xml
0001127602-12-033215,AMAT,2011-06-22,2012-12-07,Director,265.655,12.65,https://www.sec.gov/Archives/edgar/data/6951/000112760212033215/xslF345X03/form4.xml
0001127602-12-033215,AMAT,2011-09-21,2012-12-07,Director,298.486,11.33,https://www.sec.gov/Archives/edgar/data/6951/000112760212033215/xslF345X03/form4.xml
0001127602-12-033215,AMAT,2011-12-14,2012-12-07,Director,320.996,10.61,https://www.sec.gov/Archives/edgar/data/6951/000112760212033215/xslF345X03/form4.xml
0001127602-12-033215,AMAT,2012-03-15,2012-12-07,Director,271.296,12.65,https://www.sec.gov/Archives/edgar/data/6951/000112760212033215/xslF345X03/form4.xml
0001127602-12-033215,AMAT,2012-06-14,2012-12-07,Director,399.602,10.85,https://www.sec.gov/Archives/edgar/data/6951/000112760212033215/xslF345X03/form4.xml
0001127602-12-033215,AMAT,2012-09-13,2012-12-07,Director,375.143,11.65,https://www.sec.gov/Archives/edgar/data/6951/000112760212033215/xslF345X03/form4.xml
0001127602-12-028467,AMAT,2012-10-05,2012-10-09,Director,2000,11.21,https://www.sec.gov/Archives/edgar/data/6951/000112760212028467/xslF345X03/form4.xml
0001127602-12-028467,AMAT,2012-10-05,2012-10-09,Director,6890,11.22,https://www.sec.gov/Archives/edgar/data/6951/000112760212028467/xslF345X03/form4.xml
0001127602-12-025665,AMAT,2012-08-30,2012-09-04,Director,50000,11.53,https://www.sec.gov/Archives/edgar/data/6951/000112760212025665/xslF345X03/form4.xml
0001181431-11-047374,AMAT,2011-08-26,2011-08-29,Director,10000,10.98,https://www.sec.gov/Archives/edgar/data/6951/000118143111047374/xslF345X03/rrd320853.xml
0001567619-19-013224,CSCO,2019-06-07,2019-06-11,Director,10000,55.7404,https://www.sec.gov/Archives/edgar/data/858877/000156761919013224/xslF345X03/doc1.xml
0001140361-17-009225,CSCO,2017-02-22,2017-02-24,Director,1563,33.9266,https://www.sec.gov/Archives/edgar/data/858877/000114036117009225/xslF345X03/doc1.xml
0001140361-17-009225,CSCO,2017-02-22,2017-02-24,Director,1464,33.915,https://www.sec.gov/Archives/edgar/data/858877/000114036117009225/xslF345X03/doc1.xml
0001415889-24-007055,FTNT,2024-03-06,2024-03-06,,497,70.2999,https://www.sec.gov/Archives/edgar/data/1262039/000141588924007055/xslF345X05/form4-03062024_090355.xml
0001209191-23-057619,FTNT,2023-12-06,2023-12-06,Director,664,52.625,https://www.sec.gov/Archives/edgar/data/1262039/000120919123057619/xslF345X05/doc4.xml
0001209191-23-048791,FTNT,2023-09-08,2023-09-08,Director,552,63.276,https://www.sec.gov/Archives/edgar/data/1262039/000120919123048791/xslF345X05/doc4.xml
0001209191-23-024253,FTNT,2023-04-11,2023-04-13,Director,423,67.3978,https://www.sec.gov/Archives/edgar/data/1262039/000120919123024253/xslF345X04/doc4.xml
0001209191-20-046228,FTNT,2020-08-10,2020-08-11,Director,150,126.6868,https://www.sec.gov/Archives/edgar/data/1262039/000120919120046228/xslF345X03/doc4.xml
0001127602-24-003138,INTC,2024-02-01,2024-02-02,"Director, Officer",2800,42.7398,https://www.sec.gov/Archives/edgar/data/50863/000112760224003138/xslF345X05/form4.xml
0001127602-24-002653,INTC,2024-01-29,2024-01-30,"Director, Officer",3000,43.361,https://www.sec.gov/Archives/edgar/data/50863/000112760224002653/xslF345X05/form4.xml
0001127602-23-027359,INTC,2023-11-09,2023-11-14,Director,26000,37.9172,https://www.sec.gov/Archives/edgar/data/50863/000112760223027359/xslF345X05/form4.xml
0001127602-23-027359,INTC,2023-11-09,2023-11-14,Director,40000,37.7946,https://www.sec.gov/Archives/edgar/data/50863/000112760223027359/xslF345X05/form4.xml
0001127602-23-026689,INTC,2023-11-01,2023-11-02,"Director, Officer",3400,36.7864,https://www.sec.gov/Archives/edgar/data/50863/000112760223026689/xslF345X05/form4.xml
0001127602-23-026689,INTC,2023-11-01,2023-11-02,"Director, Officer",3375,36.8176,https://www.sec.gov/Archives/edgar/data/50863/000112760223026689/xslF345X05/form4.xml
0001127602-23-022303,INTC,2023-01-30,2023-08-10,Director,86,28.0471,https://www.sec.gov/Archives/edgar/data/50863/000112760223022303/xslF345X05/form4.xml
0001127602-23-022035,INTC,2023-08-02,2023-08-04,"Director, Officer",1500,34.595,https://www.sec.gov/Archives/edgar/data/50863/000112760223022035/xslF345X05/form4.xml
0001127602-23-022035,INTC,2023-08-02,2023-08-04,"Director, Officer",2350,34.6599,https://www.sec.gov/Archives/edgar/data/50863/000112760223022035/xslF345X05/form4.xml
0001127602-23-021897,INTC,2023-07-31,2023-08-02,"Director, Officer",3250,35.8725,https://www.sec.gov/Archives/edgar/data/50863/000112760223021897/xslF345X05/form4.xml
0001127602-23-014303,INTC,2023-05-01,2023-05-03,"Director, Officer",5000,30.4184,https://www.sec.gov/Archives/edgar/data/50863/000112760223014303/xslF345X04/form4.xml
0001127602-23-014303,INTC,2023-05-01,2023-05-03,"Director, Officer",3200,30.385,https://www.sec.gov/Archives/edgar/data/50863/000112760223014303/xslF345X04/form4.xml
0001127602-23-007069,INTC,2023-02-23,2023-02-24,"Director, Officer",9700,25.6785,https://www.sec.gov/Archives/edgar/data/50863/000112760223007069/xslF345X03/form4.xml
0001127602-23-003117,INTC,2023-01-30,2023-02-02,Officer,1800,27.8899,https://www.sec.gov/Archives/edgar/data/50863/000112760223003117/xslF345X03/form4.xml
0001127602-23-003117,INTC,2023-01-31,2023-02-02,Officer,7250,27.75,https://www.sec.gov/Archives/edgar/data/50863/000112760223003117/xslF345X03/form4.xml
0001127602-23-003112,INTC,2023-01-31,2023-02-02,"Director, Officer",9000,27.8277,https://www.sec.gov/Archives/edgar/data/50863/000112760223003112/xslF345X03/form4.xml
0001127602-22-026033,INTC,2022-11-16,2022-11-18,Director,50000,29.4873,https://www.sec.gov/Archives/edgar/data/50863/000112760222026033/xslF345X03/form4.xml
0001127602-22-025194,INTC,2022-11-08,2022-11-09,Director,48146,27.9767,https://www.sec.gov/Archives/edgar/data/50863/000112760222025194/xslF345X03/form4.xml
0001127602-22-025115,INTC,2022-11-04,2022-11-08,Director,1854,27.4946,https://www.sec.gov/Archives/edgar/data/50863/000112760222025115/xslF345X03/form4.xml
0001127602-22-024801,INTC,2022-10-31,2022-11-02,"Director, Officer",8830,28.1593,https://www.sec.gov/Archives/edgar/data/50863/000112760222024801/xslF345X03/form4.xml
0001127602-22-021601,INTC,2022-08-24,2022-08-25,"Director, Officer",14800,33.8617,https://www.sec.gov/Archives/edgar/data/50863/000112760222021601/xslF345X03/form4.xml
0001127602-22-013141,INTC,2022-05-03,2022-05-03,Officer,5500,44.7299,https://www.sec.gov/Archives/edgar/data/50863/000112760222013141/xslF345X03/form4.xml
0001127602-22-013137,INTC,2022-05-02,2022-05-03,"Director, Officer",5500,44.5789,https://www.sec.gov/Archives/edgar/data/50863/000112760222013137/xslF345X03/form4.xml
0001127602-22-006568,INTC,2022-02-22,2022-02-24,Director,11025,45.1087,https://www.sec.gov/Archives/edgar/data/50863/000112760222006568/xslF345X03/form4.xml
0001127602-22-006567,INTC,2022-02-22,2022-02-24,"Director, Officer",5600,44.2662,https://www.sec.gov/Archives/edgar/data/50863/000112760222006567/xslF345X03/form4.xml
0001127602-21-027963,INTC,2021-10-28,2021-11-01,Director,5149,48.18,https://www.sec.gov/Archives/edgar/data/50863/000112760221027963/xslF345X03/form4.xml
0001127602-21-027963,INTC,2021-10-28,2021-11-01,Director,5202,48.05,https://www.sec.gov/Archives/edgar/data/50863/000112760221027963/xslF345X03/form4.xml
0001127602-21-027960,INTC,2021-10-28,2021-11-01,Director,10440,47.9552,https://www.sec.gov/Archives/edgar/data/50863/000112760221027960/xslF345X03/form4.xml
0001127602-21-027959,INTC,2021-10-28,2021-11-01,Director,1000,48.00,https://www.sec.gov/Archives/edgar/data/50863/000112760221027959/xslF345X03/form4.xml
0001127602-21-027958,INTC,2021-10-28,2021-11-01,Director,20000,48.0209,https://www.sec.gov/Archives/edgar/data/50863/000112760221027958/xslF345X03/form4.xml
0001127602-21-027759,INTC,2021-10-26,2021-10-28,Director,2043,48.95,https://www.sec.gov/Archives/edgar/data/50863/000112760221027759/xslF345X03/form4.xml
0001127602-21-027759,INTC,2021-10-26,2021-10-28,Director,2064,48.45,https://www.sec.gov/Archives/edgar/data/50863/000112760221027759/xslF345X03/form4.xml
0001127602-21-027759,INTC,2021-10-26,2021-10-28,Director,1040,48.05,https://www.sec.gov/Archives/edgar/data/50863/000112760221027759/xslF345X03/form4.xml
0001127602-21-027643,INTC,2021-10-25,2021-10-26,Director,10000,49.6595,https://www.sec.gov/Archives/edgar/data/50863/000112760221027643/xslF345X03/form4.xml
0001127602-21-027642,INTC,2021-10-25,2021-10-26,Director,5015,49.85,https://www.sec.gov/Archives/edgar/data/50863/000112760221027642/xslF345X03/form4.xml
0001127602-21-027641,INTC,2021-10-25,2021-10-26,Director,5000,49.50,https://www.sec.gov/Archives/edgar/data/50863/000112760221027641/xslF345X03/form4.xml
0001127602-21-027639,INTC,2021-10-25,2021-10-26,Director,20000,49.76,https://www.sec.gov/Archives/edgar/data/50863/000112760221027639/xslF345X03/form4.xml
0001127602-21-027635,INTC,2021-10-25,2021-10-26,"Director, Officer",10000,49.9398,https://www.sec.gov/Archives/edgar/data/50863/000112760221027635/xslF345X03/form4.xml
0001127602-21-015726,INTC,2021-05-04,2021-05-06,Director,4464,56.00,https://www.sec.gov/Archives/edgar/data/50863/000112760221015726/xslF345X03/form4.xml
0001127602-21-002809,INTC,2021-01-26,2021-01-28,Officer,3495,55.316,https://www.sec.gov/Archives/edgar/data/50863/000112760221002809/xslF345X03/form4.xml
0001127602-21-002809,INTC,2021-01-26,2021-01-28,Officer,5600,55.355,https://www.sec.gov/Archives/edgar/data/50863/000112760221002809/xslF345X03/form4.xml
0001127602-21-002713,INTC,2021-01-25,2021-01-27,"Director, Officer",12700,56.0868,https://www.sec.gov/Archives/edgar/data/50863/000112760221002713/xslF345X03/form4.xml
0001127602-21-002713,INTC,2021-01-25,2021-01-27,"Director, Officer",14544,55.1225,https://www.sec.gov/Archives/edgar/data/50863/000112760221002713/xslF345X03/form4.xml
0001127602-20-027643,INTC,2020-10-28,2020-10-29,"Director, Officer",8021,44.96,https://www.sec.gov/Archives/edgar/data/50863/000112760220027643/xslF345X03/form4.xml
0001127602-20-022178,INTC,2020-07-24,2020-07-28,"Director, Officer",8021,50.00,https://www.sec.gov/Archives/edgar/data/50863/000112760220022178/xslF345X03/form4.xml
0001127602-20-003819,INTC,2020-02-03,2020-02-05,Director,15400,64.8846,https://www.sec.gov/Archives/edgar/data/50863/000112760220003819/xslF345X03/form4.xml
0001127602-19-033599,INTC,2019-11-20,2019-11-22,Director,51500,58.2527,https://www.sec.gov/Archives/edgar/data/50863/000112760219033599/xslF345X03/form4.xml
0001127602-19-033599,INTC,2019-11-20,2019-11-22,Director,35000,58.2257,https://www.sec.gov/Archives/edgar/data/50863/000112760219033599/xslF345X03/form4.xml
0001127602-19-033015,INTC,2019-11-15,2019-11-18,Director,34220,58.5236,https://www.sec.gov/Archives/edgar/data/50863/000112760219033015/xslF345X03/form4.xml
0001127602-19-033015,INTC,2019-11-15,2019-11-18,Director,52000,57.8785,https://www.sec.gov/Archives/edgar/data/50863/000112760219033015/xslF345X03/form4.xml
0001127602-19-027597,INTC,2019-08-28,2019-08-29,"Director, Officer",10918,45.70,https://www.sec.gov/Archives/edgar/data/50863/000112760219027597/xslF345X03/form4.xml
0001127602-19-027595,INTC,2019-08-28,2019-08-29,Officer,5458,45.70,https://www.sec.gov/Archives/edgar/data/50863/000112760219027595/xslF345X03/form4.xml
0001127602-18-035678,INTC,2018-12-06,2018-12-10,Officer,5263,46.74,https://www.sec.gov/Archives/edgar/data/50863/000112760218035678/xslF345X03/form4.xml
0001127602-18-034985,INTC,2018-11-29,2018-12-03,Officer,5117,48.3008,https://www.sec.gov/Archives/edgar/data/50863/000112760218034985/xslF345X03/form4.xml
0001127602-18-024153,INTC,2018-07-30,2018-07-31,Officer,5243,47.69,https://www.sec.gov/Archives/edgar/data/50863/000112760218024153/xslF345X03/form4.xml
0001209191-22-048722,MRVL,2022-09-02,2022-09-06,Director,6781,46.32,https://www.sec.gov/Archives/edgar/data/1835632/000120919122048722/xslF345X03/doc4.xml
0001062993-22-002063,MSFT,2022-01-28,2022-02-01,Director,1700,295.4803,https://www.sec.gov/Archives/edgar/data/789019/000106299322002063/xslF345X03/form4.xml
0001062993-22-002063,MSFT,2022-01-31,2022-02-01,Director,1600,311.5281,https://www.sec.gov/Archives/edgar/data/789019/000106299322002063/xslF345X03/form4.xml
0001062993-21-002647,MSFT,2021-03-10,2021-03-11,Director,4300,236.80,https://www.sec.gov/Archives/edgar/data/789019/000106299321002647/xslF345X03/form4.xml
0001626431-18-000057,MSFT,2018-06-05,2018-06-06,Director,5400,101.964,https://www.sec.gov/Archives/edgar/data/789019/000162643118000057/xslF345X03/edgar.xml
0000723125-17-000095,MU,2017-08-11,2017-08-15,Officer,3400,27.8894,https://www.sec.gov/Archives/edgar/data/723125/000072312517000095/xslF345X03/edgar.xml
0000723125-16-000150,MU,2016-01-21,2016-01-25,Officer,10000,10.6944,https://www.sec.gov/Archives/edgar/data/723125/000072312516000150/xslF345X03/edgar.xml
0000723125-15-000137,MU,2015-12-24,2015-12-28,Officer,10000,14.32,https://www.sec.gov/Archives/edgar/data/723125/000072312515000137/xslF345X03/edgar.xml
0000723125-15-000064,MU,2015-07-09,2015-07-10,Officer,5000,17.50,https://www.sec.gov/Archives/edgar/data/723125/000072312515000064/xslF345X03/edgar.xml
0001045810-20-000197,NVDA,2020-12-03,2020-12-07,Officer,100,536.61,https://www.sec.gov/Archives/edgar/data/1045810/000104581020000197/xslF345X03/wf-form4_160738140554608.xml
0001045810-20-000197,NVDA,2020-12-03,2020-12-07,Officer,100,537.28,https://www.sec.gov/Archives/edgar/data/1045810/000104581020000197/xslF345X03/wf-form4_160738140554608.xml
0001045810-20-000173,NVDA,2020-09-25,2020-09-29,Director,498,500.95,https://www.sec.gov/Archives/edgar/data/1045810/000104581020000173/xslF345X03/wf-form4_160141446117500.xml
0001045810-20-000171,NVDA,2020-09-21,2020-09-23,Director,435,498.23,https://www.sec.gov/Archives/edgar/data/1045810/000104581020000171/xslF345X03/wf-form4_160089584933197.xml
0001045810-20-000171,NVDA,2020-09-22,2020-09-23,Director,15,494.15,https://www.sec.gov/Archives/edgar/data/1045810/000104581020000171/xslF345X03/wf-form4_160089584933197.xml
0001045810-20-000131,NVDA,2019-04-17,2020-07-13,Director,4,186.93,https://www.sec.gov/Archives/edgar/data/1045810/000104581020000131/xslF345X03/wf-form4_159468271317312.xml
0001045810-20-000131,NVDA,2020-04-16,2020-07-13,Director,6,294.71,https://www.sec.gov/Archives/edgar/data/1045810/000104581020000131/xslF345X03/wf-form4_159468271317312.xml
0001045810-20-000131,NVDA,2020-04-21,2020-07-13,Director,25,269.52,https://www.sec.gov/Archives/edgar/data/1045810/000104581020000131/xslF345X03/wf-form4_159468271317312.xml
0001045810-20-000131,NVDA,2020-05-04,2020-07-13,Director,9,291.29,https://www.sec.gov/Archives/edgar/data/1045810/000104581020000131/xslF345X03/wf-form4_159468271317312.xml
0001045810-20-000131,NVDA,2020-05-15,2020-07-13,Director,8,339.64,https://www.sec.gov/Archives/edgar/data/1045810/000104581020000131/xslF345X03/wf-form4_159468271317312.xml
0001045810-20-000131,NVDA,2020-06-05,2020-07-13,Director,7,356.81,https://www.sec.gov/Archives/edgar/data/1045810/000104581020000131/xslF345X03/wf-form4_159468271317312.xml
0001045810-18-000054,NVDA,2013-03-22,2018-05-17,Officer,150.2172,12.429,https://www.sec.gov/Archives/edgar/data/1045810/000104581018000054/xslF345X03/wf-form4_152660332607722.xml
0001045810-18-000054,NVDA,2013-06-17,2018-05-17,Officer,128.8639,14.576,https://www.sec.gov/Archives/edgar/data/1045810/000104581018000054/xslF345X03/wf-form4_152660332607722.xml
0001045810-18-000054,NVDA,2013-09-16,2018-05-17,Officer,119.2886,15.827,https://www.sec.gov/Archives/edgar/data/1045810/000104581018000054/xslF345X03/wf-form4_152660332607722.xml
0001045810-18-000054,NVDA,2013-12-16,2018-05-17,Officer,141.8388,15.157,https://www.sec.gov/Archives/edgar/data/1045810/000104581018000054/xslF345X03/wf-form4_152660332607722.xml
0001045810-18-000054,NVDA,2014-03-21,2018-05-17,Officer,114.8242,18.828,https://www.sec.gov/Archives/edgar/data/1045810/000104581018000054/xslF345X03/wf-form4_152660332607722.xml
0001045810-18-000054,NVDA,2014-06-16,2018-05-17,Officer,111.265,19.518,https://www.sec.gov/Archives/edgar/data/1045810/000104581018000054/xslF345X03/wf-form4_152660332607722.xml
0001045810-18-000054,NVDA,2014-09-15,2018-05-17,Officer,115.4404,18.894,https://www.sec.gov/Archives/edgar/data/1045810/000104581018000054/xslF345X03/wf-form4_152660332607722.xml
0001045810-18-000054,NVDA,2014-12-16,2018-05-17,Officer,112.0185,19.5587,https://www.sec.gov/Archives/edgar/data/1045810/000104581018000054/xslF345X03/wf-form4_152660332607722.xml
0001045810-18-000054,NVDA,2015-03-20,2018-05-17,Officer,94.3229,23.329,https://www.sec.gov/Archives/edgar/data/1045810/000104581018000054/xslF345X03/wf-form4_152660332607722.xml
0001045810-18-000054,NVDA,2015-06-15,2018-05-17,Officer,121.3325,20.8785,https://www.sec.gov/Archives/edgar/data/1045810/000104581018000054/xslF345X03/wf-form4_152660332607722.xml
0001045810-18-000054,NVDA,2015-09-14,2018-05-17,Officer,112.5992,22.6029,https://www.sec.gov/Archives/edgar/data/1045810/000104581018000054/xslF345X03/wf-form4_152660332607722.xml
0001045810-18-000054,NVDA,2015-12-15,2018-05-17,Officer,90.9858,33.1352,https://www.sec.gov/Archives/edgar/data/1045810/000104581018000054/xslF345X03/wf-form4_152660332607722.xml
0001209191-20-015632,PANW,2020-02-28,2020-03-03,Director,2361,182.77,https://www.sec.gov/Archives/edgar/data/1327567/000120919120015632/xslF345X03/doc4.xml
0001209191-20-015632,PANW,2020-02-28,2020-03-03,Director,2527,183.91,https://www.sec.gov/Archives/edgar/data/1327567/000120919120015632/xslF345X03/doc4.xml
0001209191-20-015632,PANW,2020-02-28,2020-03-03,Director,1039,184.90,https://www.sec.gov/Archives/edgar/data/1327567/000120919120015632/xslF345X03/doc4.xml
0001209191-20-015632,PANW,2020-02-28,2020-03-03,Director,400,185.71,https://www.sec.gov/Archives/edgar/data/1327567/000120919120015632/xslF345X03/doc4.xml
0001209191-20-015632,PANW,2020-02-28,2020-03-03,Director,1000,186.94,https://www.sec.gov/Archives/edgar/data/1327567/000120919120015632/xslF345X03/doc4.xml
0001209191-20-015632,PANW,2020-02-28,2020-03-03,Director,600,187.82,https://www.sec.gov/Archives/edgar/data/1327567/000120919120015632/xslF345X03/doc4.xml
0001209191-20-015632,PANW,2020-02-28,2020-03-03,Director,100,189.99,https://www.sec.gov/Archives/edgar/data/1327567/000120919120015632/xslF345X03/doc4.xml
0001209191-20-015632,PANW,2020-02-28,2020-03-03,Director,100,191.03,https://www.sec.gov/Archives/edgar/data/1327567/000120919120015632/xslF345X03/doc4.xml
0001209191-20-015632,PANW,2020-03-02,2020-03-03,Director,600,180.04,https://www.sec.gov/Archives/edgar/data/1327567/000120919120015632/xslF345X03/doc4.xml
0001209191-20-015632,PANW,2020-03-02,2020-03-03,Director,300,181.05,https://www.sec.gov/Archives/edgar/data/1327567/000120919120015632/xslF345X03/doc4.xml
0001209191-20-015632,PANW,2020-03-02,2020-03-03,Director,600,182.28,https://www.sec.gov/Archives/edgar/data/1327567/000120919120015632/xslF345X03/doc4.xml
0001209191-20-015632,PANW,2020-03-02,2020-03-03,Director,800,183.32,https://www.sec.gov/Archives/edgar/data/1327567/000120919120015632/xslF345X03/doc4.xml
0001209191-20-015632,PANW,2020-03-02,2020-03-03,Director,1443,184.86,https://www.sec.gov/Archives/edgar/data/1327567/000120919120015632/xslF345X03/doc4.xml
0001209191-20-015632,PANW,2020-03-02,2020-03-03,Director,1401,185.87,https://www.sec.gov/Archives/edgar/data/1327567/000120919120015632/xslF345X03/doc4.xml
0001209191-20-015632,PANW,2020-03-02,2020-03-03,Director,600,186.86,https://www.sec.gov/Archives/edgar/data/1327567/000120919120015632/xslF345X03/doc4.xml
0001209191-20-015632,PANW,2020-03-02,2020-03-03,Director,676,187.73,https://www.sec.gov/Archives/edgar/data/1327567/000120919120015632/xslF345X03/doc4.xml
0001209191-20-015632,PANW,2020-03-02,2020-03-03,Director,1682,188.54,https://www.sec.gov/Archives/edgar/data/1327567/000120919120015632/xslF345X03/doc4.xml
0001209191-19-058598,PANW,2019-11-27,2019-12-02,"Director, Officer",25000,221.5393,https://www.sec.gov/Archives/edgar/data/1327567/000120919119058598/xslF345X03/doc4.xml
0001209191-18-038171,PANW,2018-06-13,2018-06-15,"Director, Officer",300,208.853,https://www.sec.gov/Archives/edgar/data/1327567/000120919118038171/xslF345X03/doc4.xml
0001209191-18-038171,PANW,2018-06-13,2018-06-15,"Director, Officer",701,209.62,https://www.sec.gov/Archives/edgar/data/1327567/000120919118038171/xslF345X03/doc4.xml
0001209191-18-038171,PANW,2018-06-13,2018-06-15,"Director, Officer",4005,211.066,https://www.sec.gov/Archives/edgar/data/1327567/000120919118038171/xslF345X03/doc4.xml
0001209191-18-038171,PANW,2018-06-13,2018-06-15,"Director, Officer",4580,212.353,https://www.sec.gov/Archives/edgar/data/1327567/000120919118038171/xslF345X03/doc4.xml
0001209191-18-038171,PANW,2018-06-13,2018-06-15,"Director, Officer",5464,213.284,https://www.sec.gov/Archives/edgar/data/1327567/000120919118038171/xslF345X03/doc4.xml
0001209191-18-038171,PANW,2018-06-13,2018-06-15,"Director, Officer",700,213.911,https://www.sec.gov/Archives/edgar/data/1327567/000120919118038171/xslF345X03/doc4.xml
0001209191-18-038171,PANW,2018-06-14,2018-06-15,"Director, Officer",1193,213.951,https://www.sec.gov/Archives/edgar/data/1327567/000120919118038171/xslF345X03/doc4.xml
0001209191-18-038171,PANW,2018-06-14,2018-06-15,"Director, Officer",6796,215.228,https://www.sec.gov/Archives/edgar/data/1327567/000120919118038171/xslF345X03/doc4.xml
0001209191-18-038171,PANW,2018-06-14,2018-06-15,"Director, Officer",4821,216.084,https://www.sec.gov/Archives/edgar/data/1327567/000120919118038171/xslF345X03/doc4.xml
0001209191-18-038171,PANW,2018-06-14,2018-06-15,"Director, Officer",8930,216.99,https://www.sec.gov/Archives/edgar/data/1327567/000120919118038171/xslF345X03/doc4.xml
0001209191-18-038171,PANW,2018-06-15,2018-06-15,"Director, Officer",100,209.99,https://www.sec.gov/Archives/edgar/data/1327567/000120919118038171/xslF345X03/doc4.xml
0001209191-18-038171,PANW,2018-06-15,2018-06-15,"Director, Officer",600,211.54,https://www.sec.gov/Archives/edgar/data/1327567/000120919118038171/xslF345X03/doc4.xml
0001209191-18-038171,PANW,2018-06-15,2018-06-15,"Director, Officer",2000,212.884,https://www.sec.gov/Archives/edgar/data/1327567/000120919118038171/xslF345X03/doc4.xml
0001209191-18-038171,PANW,2018-06-15,2018-06-15,"Director, Officer",3505,213.875,https://www.sec.gov/Archives/edgar/data/1327567/000120919118038171/xslF345X03/doc4.xml
0001209191-18-038171,PANW,2018-06-15,2018-06-15,"Director, Officer",18700,214.809,https://www.sec.gov/Archives/edgar/data/1327567/000120919118038171/xslF345X03/doc4.xml
0001209191-18-036931,PANW,2018-06-07,2018-06-11,"Director, Officer",800,196.761,https://www.sec.gov/Archives/edgar/data/1327567/000120919118036931/xslF345X03/doc4.xml
0001209191-18-036931,PANW,2018-06-07,2018-06-11,"Director, Officer",3318,197.746,https://www.sec.gov/Archives/edgar/data/1327567/000120919118036931/xslF345X03/doc4.xml
0001209191-18-036931,PANW,2018-06-07,2018-06-11,"Director, Officer",7131,198.683,https://www.sec.gov/Archives/edgar/data/1327567/000120919118036931/xslF345X03/doc4.xml
0001209191-18-036931,PANW,2018-06-07,2018-06-11,"Director, Officer",1808,199.858,https://www.sec.gov/Archives/edgar/data/1327567/000120919118036931/xslF345X03/doc4.xml
0001209191-18-036931,PANW,2018-06-07,2018-06-11,"Director, Officer",400,200.54,https://www.sec.gov/Archives/edgar/data/1327567/000120919118036931/xslF345X03/doc4.xml
0001209191-18-036931,PANW,2018-06-07,2018-06-11,"Director, Officer",300,203.69,https://www.sec.gov/Archives/edgar/data/1327567/000120919118036931/xslF345X03/doc4.xml
0001209191-18-036931,PANW,2018-06-07,2018-06-11,"Director, Officer",2663,204.59,https://www.sec.gov/Archives/edgar/data/1327567/000120919118036931/xslF345X03/doc4.xml
0001209191-18-036931,PANW,2018-06-08,2018-06-11,"Director, Officer",800,196.98,https://www.sec.gov/Archives/edgar/data/1327567/000120919118036931/xslF345X03/doc4.xml
0001209191-18-036931,PANW,2018-06-08,2018-06-11,"Director, Officer",4902,197.891,https://www.sec.gov/Archives/edgar/data/1327567/000120919118036931/xslF345X03/doc4.xml
0001209191-18-036931,PANW,2018-06-08,2018-06-11,"Director, Officer",5231,198.991,https://www.sec.gov/Archives/edgar/data/1327567/000120919118036931/xslF345X03/doc4.xml
0001209191-18-036931,PANW,2018-06-08,2018-06-11,"Director, Officer",5902,199.617,https://www.sec.gov/Archives/edgar/data/1327567/000120919118036931/xslF345X03/doc4.xml
0001262067-12-000034,SNPS,2012-03-16,2012-03-19,Director,1800,30.267,https://www.sec.gov/Archives/edgar/data/883241/000126206712000034/xslF345X03/edgardoc.xml
0001495158-21-000003,TSLA,2020-08-18,2021-04-05,Director,70,377.42,https://www.sec.gov/Archives/edgar/data/1318605/000149515821000003/xslF345X03/primary_doc.xml
0001495158-21-000003,TSLA,2020-08-19,2021-04-05,Director,25,375.71,https://www.sec.gov/Archives/edgar/data/1318605/000149515821000003/xslF345X03/primary_doc.xml
0001495158-21-000003,TSLA,2020-11-30,2021-04-05,Director,10,567.6,https://www.sec.gov/Archives/edgar/data/1318605/000149515821000003/xslF345X03/primary_doc.xml
0001494730-20-000002,TSLA,2020-02-14,2020-02-19,Director,1250,767.0,https://www.sec.gov/Archives/edgar/data/1318605/000149473020000002/xslF345X03/edgardoc.xml
0001494730-20-000001,TSLA,2020-02-14,2020-02-19,"Director, Officer, TenPercentOwner",13037,767.0,https://www.sec.gov/Archives/edgar/data/1318605/000149473020000001/xslF345X03/edgardoc.xml
0001771340-19-000006,TSLA,2019-08-14,2019-08-16,Director,360,221.71,https://www.sec.gov/Archives/edgar/data/1318605/000177134019000006/xslF345X03/edgardoc.xml
0001771340-19-000005,TSLA,2019-07-29,2019-07-31,Director,1000,232.72,https://www.sec.gov/Archives/edgar/data/1318605/000177134019000005/xslF345X03/edgardoc.xml
0001494730-19-000001,TSLA,2019-05-02,2019-05-06,"Director, Officer, TenPercentOwner",102880,243.0,https://www.sec.gov/Archives/edgar/data/1318605/000149473019000001/xslF345X03/edgardoc.xml
0001494730-18-000006,TSLA,2018-10-29,2018-10-30,"Director, Officer, TenPercentOwner",9439,334.24,https://www.sec.gov/Archives/edgar/data/1318605/000149473018000006/xslF345X03/edgardoc.xml
0001494730-18-000006,TSLA,2018-10-29,2018-10-30,"Director, Officer, TenPercentOwner",19105,335.287,https://www.sec.gov/Archives/edgar/data/1318605/000149473018000006/xslF345X03/edgardoc.xml
0001494730-18-000006,TSLA,2018-10-29,2018-10-30,"Director, Officer, TenPercentOwner",1300,335.932,https://www.sec.gov/Archives/edgar/data/1318605/000149473018000006/xslF345X03/edgardoc.xml
0001494730-18-000005,TSLA,2018-06-12,2018-06-13,"Director, Officer, TenPercentOwner",37023,342.775,https://www.sec.gov/Archives/edgar/data/1318605/000149473018000005/xslF345X03/edgardoc.xml
0001494730-18-000005,TSLA,2018-06-12,2018-06-13,"Director, Officer, TenPercentOwner",14509,343.855,https://www.sec.gov/Archives/edgar/data/1318605/000149473018000005/xslF345X03/edgardoc.xml
0001494730-18-000005,TSLA,2018-06-12,2018-06-13,"Director, Officer, TenPercentOwner",3468,344.829,https://www.sec.gov/Archives/edgar/data/1318605/000149473018000005/xslF345X03/edgardoc.xml
0001494730-18-000005,TSLA,2018-06-13,2018-06-13,"Director, Officer, TenPercentOwner",2297,342.782,https://www.sec.gov/Archives/edgar/data/1318605/000149473018000005/xslF345X03/edgardoc.xml
0001494730-18-000005,TSLA,2018-06-13,2018-06-13,"Director, Officer, TenPercentOwner",2431,343.791,https://www.sec.gov/Archives/edgar/data/1318605/000149473018000005/xslF345X03/edgardoc.xml
0001494730-18-000005,TSLA,2018-06-13,2018-06-13,"Director, Officer, TenPercentOwner",2114,344.957,https://www.sec.gov/Archives/edgar/data/1318605/000149473018000005/xslF345X03/edgardoc.xml
0001494730-18-000005,TSLA,2018-06-13,2018-06-13,"Director, Officer, TenPercentOwner",6032,346.637,https://www.sec.gov/Archives/edgar/data/1318605/000149473018000005/xslF345X03/edgardoc.xml
0001494730-18-000005,TSLA,2018-06-13,2018-06-13,"Director, Officer, TenPercentOwner",4626,347.001,https://www.sec.gov/Archives/edgar/data/1318605/000149473018000005/xslF345X03/edgardoc.xml
0001494730-18-000002,TSLA,2018-05-07,2018-05-07,"Director, Officer, TenPercentOwner",5903,295.028,https://www.sec.gov/Archives/edgar/data/1318605/000149473018000002/xslF345X03/edgardoc.xml
0001494730-18-000002,TSLA,2018-05-07,2018-05-07,"Director, Officer, TenPercentOwner",4845,296.311,https://www.sec.gov/Archives/edgar/data/1318605/000149473018000002/xslF345X03/edgardoc.xml
0001494730-18-000002,TSLA,2018-05-07,2018-05-07,"Director, Officer, TenPercentOwner",3508,297.151,https://www.sec.gov/Archives/edgar/data/1318605/000149473018000002/xslF345X03/edgardoc.xml
0001494730-18-000002,TSLA,2018-05-07,2018-05-07,"Director, Officer, TenPercentOwner",4514,298.01,https://www.sec.gov/Archives/edgar/data/1318605/000149473018000002/xslF345X03/edgardoc.xml
0001494730-18-000002,TSLA,2018-05-07,2018-05-07,"Director, Officer, TenPercentOwner",739,299.252,https://www.sec.gov/Archives/edgar/data/1318605/000149473018000002/xslF345X03/edgardoc.xml
0001494730-18-000002,TSLA,2018-05-07,2018-05-07,"Director, Officer, TenPercentOwner",4358,300.012,https://www.sec.gov/Archives/edgar/data/1318605/000149473018000002/xslF345X03/edgardoc.xml
0001494730-18-000002,TSLA,2018-05-07,2018-05-07,"Director, Officer, TenPercentOwner",3000,301.376,https://www.sec.gov/Archives/edgar/data/1318605/000149473018000002/xslF345X03/edgardoc.xml
0001494730-18-000002,TSLA,2018-05-07,2018-05-07,"Director, Officer, TenPercentOwner",6133,302.133,https://www.sec.gov/Archives/edgar/data/1318605/000149473018000002/xslF345X03/edgardoc.xml
0001494730-17-000001,TSLA,2017-03-17,2017-03-21,"Director, Officer, TenPercentOwner",95420,262.0,https://www.sec.gov/Archives/edgar/data/1318605/000149473017000001/xslF345X03/edgardoc.xml
0001327811-23-000152,WDAY,2023-08-29,2023-08-31,"Director, Officer",100,236.25,https://www.sec.gov/Archives/edgar/data/1327811/000132781123000152/xslF345X05/wk-form4_1693513284.xml
0001327811-23-000152,WDAY,2023-08-29,2023-08-31,"Director, Officer",600,238.2767,https://www.sec.gov/Archives/edgar/data/1327811/000132781123000152/xslF345X05/wk-form4_1693513284.xml
0001327811-23-000152,WDAY,2023-08-29,2023-08-31,"Director, Officer",899,239.3818,https://www.sec.gov/Archives/edgar/data/1327811/000132781123000152/xslF345X05/wk-form4_1693513284.xml
0001327811-23-000152,WDAY,2023-08-29,2023-08-31,"Director, Officer",4436,240.58,https://www.sec.gov/Archives/edgar/data/1327811/000132781123000152/xslF345X05/wk-form4_1693513284.xml
0001327811-23-000152,WDAY,2023-08-29,2023-08-31,"Director, Officer",2641,241.2279,https://www.sec.gov/Archives/edgar/data/1327811/000132781123000152/xslF345X05/wk-form4_1693513284.xml
0001327811-19-000205,WDAY,2019-12-05,2019-12-09,Director,7000,164.357,https://www.sec.gov/Archives/edgar/data/1327811/000132781119000205/xslF345X03/wf-form4_157594165697713.xml
0001327811-19-000205,WDAY,2019-12-05,2019-12-09,Director,3000,164.961,https://www.sec.gov/Archives/edgar/data/1327811/000132781119000205/xslF345X03/wf-form4_157594165697713.xml
0001327811-19-000104,WDAY,2019-06-05,2019-06-07,Director,140,195.588,https://www.sec.gov/Archives/edgar/data/1327811/000132781119000104/xslF345X03/wf-form4_155994413513929.xml
0001327811-19-000104,WDAY,2019-06-05,2019-06-07,Director,256,196.696,https://www.sec.gov/Archives/edgar/data/1327811/000132781119000104/xslF345X03/wf-form4_155994413513929.xml
0001327811-19-000104,WDAY,2019-06-05,2019-06-07,Director,382,197.8429,https://www.sec.gov/Archives/edgar/data/1327811/000132781119000104/xslF345X03/wf-form4_155994413513929.xml
0001327811-19-000104,WDAY,2019-06-05,2019-06-07,Director,136,198.6346,https://www.sec.gov/Archives/edgar/data/1327811/000132781119000104/xslF345X03/wf-form4_155994413513929.xml
0001327811-19-000104,WDAY,2019-06-05,2019-06-07,Director,86,199.9538,https://www.sec.gov/Archives/edgar/data/1327811/000132781119000104/xslF345X03/wf-form4_155994413513929.xml
0001209191-23-028249,VRSK,2023-05-08,2023-05-09,Director,1037,209.78,https://www.sec.gov/Archives/edgar/data/1442145/000120919123028249/xslF345X04/doc4.xml
0001209191-18-059924,VRSK,2018-11-21,2018-11-26,Officer,312,120.00,https://www.sec.gov/Archives/edgar/data/1442145/000120919118059924/xslF345X03/doc4.xml
0001209191-18-054686,VRSK,2018-10-10,2018-10-10,Officer,312,119.41,https://www.sec.gov/Archives/edgar/data/1442145/000120919118054686/xslF345X03/doc4.xml
0001209191-18-051701,VRSK,2018-09-19,2018-09-19,Officer,312,119.82,https://www.sec.gov/Archives/edgar/data/1442145/000120919118051701/xslF345X03/doc4.xml
0001209191-18-046495,VRSK,2018-08-10,2018-08-13,Officer,321,117.09,https://www.sec.gov/Archives/edgar/data/1442145/000120919118046495/xslF345X03/doc4.xml
0001209191-18-042221,VRSK,2018-07-10,2018-07-10,Officer,331,111.88,https://www.sec.gov/Archives/edgar/data/1442145/000120919118042221/xslF345X03/doc4.xml
0001209191-18-037020,VRSK,2018-06-11,2018-06-11,Officer,344,109.03,https://www.sec.gov/Archives/edgar/data/1442145/000120919118037020/xslF345X03/doc4.xml
0001209191-18-029314,VRSK,2018-05-10,2018-05-10,Officer,357,106.18,https://www.sec.gov/Archives/edgar/data/1442145/000120919118029314/xslF345X03/doc4.xml
0001209191-18-024511,VRSK,2018-04-10,2018-04-10,Officer,357,105.99,https://www.sec.gov/Archives/edgar/data/1442145/000120919118024511/xslF345X03/doc4.xml
0001209191-18-018943,VRSK,2018-03-12,2018-03-12,Officer,354,105.10,https://www.sec.gov/Archives/edgar/data/1442145/000120919118018943/xslF345X03/doc4.xml
0001209191-18-009344,VRSK,2018-02-12,2018-02-12,Officer,399,94.05,https://www.sec.gov/Archives/edgar/data/1442145/000120919118009344/xslF345X03/doc4.xml
0001209191-18-003114,VRSK,2018-01-10,2018-01-10,Officer,388,96.61,https://www.sec.gov/Archives/edgar/data/1442145/000120919118003114/xslF345X03/doc4.xml
0001209191-17-066650,VRSK,2017-12-20,2017-12-20,Officer,390,96.36,https://www.sec.gov/Archives/edgar/data/1442145/000120919117066650/xslF345X03/doc4.xml
0001209191-17-059488,VRSK,2017-11-06,2017-11-06,"Director, Officer",22200,91.16,https://www.sec.gov/Archives/edgar/data/1442145/000120919117059488/xslF345X03/doc4.xml
0001209191-17-049268,VRSK,2017-08-14,2017-08-16,Director,306,81.58,https://www.sec.gov/Archives/edgar/data/1442145/000120919117049268/xslF345X03/doc4.xml
0001104659-23-065485,AMZN,2023-05-25,2023-05-26,"Director, Officer, TenPercentOwner",1,114.77,https://www.sec.gov/Archives/edgar/data/1018724/000110465923065485/xslF345X04/tm2317086-1_4seq1.xml
0001127602-20-026535,AMZN,2020-10-01,2020-10-05,Director,1,3206.88,https://www.sec.gov/Archives/edgar/data/1018724/000112760220026535/xslF345X03/form4.xml
0001127602-20-026535,AMZN,2020-10-01,2020-10-05,Director,3,3207.41,https://www.sec.gov/Archives/edgar/data/1018724/000112760220026535/xslF345X03/form4.xml
0001127602-20-026535,AMZN,2020-10-01,2020-10-05,Director,2,3208.465,https://www.sec.gov/Archives/edgar/data/1018724/000112760220026535/xslF345X03/form4.xml
0001127602-20-026535,AMZN,2020-10-01,2020-10-05,Director,1,3209.50,https://www.sec.gov/Archives/edgar/data/1018724/000112760220026535/xslF345X03/form4.xml
0001127602-20-026535,AMZN,2020-10-01,2020-10-05,Director,1,3213.27,https://www.sec.gov/Archives/edgar/data/1018724/000112760220026535/xslF345X03/form4.xml
0001127602-20-026531,AMZN,2020-10-01,2020-10-05,Director,1,3175.00,https://www.sec.gov/Archives/edgar/data/1018724/000112760220026531/xslF345X03/form4.xml
0001127602-20-026531,AMZN,2020-10-01,2020-10-05,Director,1,3177.99,https://www.sec.gov/Archives/edgar/data/1018724/000112760220026531/xslF345X03/form4.xml
0001127602-20-026531,AMZN,2020-10-01,2020-10-05,Director,1,3178.49,https://www.sec.gov/Archives/edgar/data/1018724/000112760220026531/xslF345X03/form4.xml
0001127602-20-026531,AMZN,2020-10-01,2020-10-05,Director,3,3179.35,https://www.sec.gov/Archives/edgar/data/1018724/000112760220026531/xslF345X03/form4.xml
0001127602-20-026531,AMZN,2020-10-01,2020-10-05,Director,1,3180.42,https://www.sec.gov/Archives/edgar/data/1018724/000112760220026531/xslF345X03/form4.xml
0001127602-20-026531,AMZN,2020-10-01,2020-10-05,Director,2,3181.32,https://www.sec.gov/Archives/edgar/data/1018724/000112760220026531/xslF345X03/form4.xml
0001127602-20-026531,AMZN,2020-10-01,2020-10-05,Director,1,3182.96,https://www.sec.gov/Archives/edgar/data/1018724/000112760220026531/xslF345X03/form4.xml
0001127602-20-026531,AMZN,2020-10-01,2020-10-05,Director,1,3184.98,https://www.sec.gov/Archives/edgar/data/1018724/000112760220026531/xslF345X03/form4.xml
0001127602-20-026531,AMZN,2020-10-01,2020-10-05,Director,3,3185.4667,https://www.sec.gov/Archives/edgar/data/1018724/000112760220026531/xslF345X03/form4.xml
0001127602-20-026531,AMZN,2020-10-01,2020-10-05,Director,4,3186.3775,https://www.sec.gov/Archives/edgar/data/1018724/000112760220026531/xslF345X03/form4.xml
0001127602-20-026531,AMZN,2020-10-01,2020-10-05,Director,1,3187.01,https://www.sec.gov/Archives/edgar/data/1018724/000112760220026531/xslF345X03/form4.xml
0001127602-20-026531,AMZN,2020-10-01,2020-10-05,Director,5,3188.466,https://www.sec.gov/Archives/edgar/data/1018724/000112760220026531/xslF345X03/form4.xml
0001127602-20-026531,AMZN,2020-10-01,2020-10-05,Director,8,3189.4638,https://www.sec.gov/Archives/edgar/data/1018724/000112760220026531/xslF345X03/form4.xml
0001127602-20-026531,AMZN,2020-10-01,2020-10-05,Director,4,3190.35,https://www.sec.gov/Archives/edgar/data/1018724/000112760220026531/xslF345X03/form4.xml
0001127602-20-026531,AMZN,2020-10-01,2020-10-05,Director,7,3191.6943,https://www.sec.gov/Archives/edgar/data/1018724/000112760220026531/xslF345X03/form4.xml
0001127602-20-026531,AMZN,2020-10-01,2020-10-05,Director,2,3192.595,https://www.sec.gov/Archives/edgar/data/1018724/000112760220026531/xslF345X03/form4.xml
0001127602-20-026531,AMZN,2020-10-01,2020-10-05,Director,3,3193.7067,https://www.sec.gov/Archives/edgar/data/1018724/000112760220026531/xslF345X03/form4.xml
0001127602-20-026531,AMZN,2020-10-01,2020-10-05,Director,6,3194.5367,https://www.sec.gov/Archives/edgar/data/1018724/000112760220026531/xslF345X03/form4.xml
0001127602-20-026531,AMZN,2020-10-01,2020-10-05,Director,3,3195.5867,https://www.sec.gov/Archives/edgar/data/1018724/000112760220026531/xslF345X03/form4.xml
0001127602-20-026531,AMZN,2020-10-01,2020-10-05,Director,4,3196.4775,https://www.sec.gov/Archives/edgar/data/1018724/000112760220026531/xslF345X03/form4.xml
0001127602-20-026531,AMZN,2020-10-01,2020-10-05,Director,2,3197.58,https://www.sec.gov/Archives/edgar/data/1018724/000112760220026531/xslF345X03/form4.xml
0001127602-20-026531,AMZN,2020-10-01,2020-10-05,Director,7,3198.2457,https://www.sec.gov/Archives/edgar/data/1018724/000112760220026531/xslF345X03/form4.xml
0001127602-20-026531,AMZN,2020-10-01,2020-10-05,Director,3,3199.87,https://www.sec.gov/Archives/edgar/data/1018724/000112760220026531/xslF345X03/form4.xml
0001127602-20-026531,AMZN,2020-10-01,2020-10-05,Director,2,3200.83,https://www.sec.gov/Archives/edgar/data/1018724/000112760220026531/xslF345X03/form4.xml
0001127602-20-026531,AMZN,2020-10-01,2020-10-05,Director,1,3201.94,https://www.sec.gov/Archives/edgar/data/1018724/000112760220026531/xslF345X03/form4.xml
0001127602-20-026531,AMZN,2020-10-01,2020-10-05,Director,6,3202.4467,https://www.sec.gov/Archives/edgar/data/1018724/000112760220026531/xslF345X03/form4.xml
0001127602-20-026531,AMZN,2020-10-01,2020-10-05,Director,2,3203.25,https://www.sec.gov/Archives/edgar/data/1018724/000112760220026531/xslF345X03/form4.xml
0001127602-20-026531,AMZN,2020-10-01,2020-10-05,Director,4,3204.765,https://www.sec.gov/Archives/edgar/data/1018724/000112760220026531/xslF345X03/form4.xml
0001127602-20-026531,AMZN,2020-10-01,2020-10-05,Director,4,3205.495,https://www.sec.gov/Archives/edgar/data/1018724/000112760220026531/xslF345X03/form4.xml
0000899243-20-018375,AMZN,2020-07-01,2020-07-02,Director,1,2797.66,https://www.sec.gov/Archives/edgar/data/1018724/000089924320018375/xslF345X03/doc4.xml
0000899243-20-018375,AMZN,2020-07-01,2020-07-02,Director,1,2798.61,https://www.sec.gov/Archives/edgar/data/1018724/000089924320018375/xslF345X03/doc4.xml
0000899243-20-018375,AMZN,2020-07-01,2020-07-02,Director,3,2799.2267,https://www.sec.gov/Archives/edgar/data/1018724/000089924320018375/xslF345X03/doc4.xml
0000899243-20-018375,AMZN,2020-07-01,2020-07-02,Director,1,2800.93,https://www.sec.gov/Archives/edgar/data/1018724/000089924320018375/xslF345X03/doc4.xml
0000899243-20-018375,AMZN,2020-07-01,2020-07-02,Director,2,2801.825,https://www.sec.gov/Archives/edgar/data/1018724/000089924320018375/xslF345X03/doc4.xml
0000899243-20-018375,AMZN,2020-07-01,2020-07-02,Director,1,2803.92,https://www.sec.gov/Archives/edgar/data/1018724/000089924320018375/xslF345X03/doc4.xml
0000899243-20-018375,AMZN,2020-07-01,2020-07-02,Director,1,2804.95,https://www.sec.gov/Archives/edgar/data/1018724/000089924320018375/xslF345X03/doc4.xml
0000899243-20-018375,AMZN,2020-07-01,2020-07-02,Director,2,2805.31,https://www.sec.gov/Archives/edgar/data/1018724/000089924320018375/xslF345X03/doc4.xml
0000899243-20-018375,AMZN,2020-07-01,2020-07-02,Director,2,2806.285,https://www.sec.gov/Archives/edgar/data/1018724/000089924320018375/xslF345X03/doc4.xml
0000899243-20-018375,AMZN,2020-07-01,2020-07-02,Director,4,2808.2525,https://www.sec.gov/Archives/edgar/data/1018724/000089924320018375/xslF345X03/doc4.xml
0000899243-20-018375,AMZN,2020-07-01,2020-07-02,Director,1,2809.54,https://www.sec.gov/Archives/edgar/data/1018724/000089924320018375/xslF345X03/doc4.xml
0000899243-20-018375,AMZN,2020-07-01,2020-07-02,Director,2,2810.38,https://www.sec.gov/Archives/edgar/data/1018724/000089924320018375/xslF345X03/doc4.xml
0000899243-20-018375,AMZN,2020-07-01,2020-07-02,Director,1,2812.54,https://www.sec.gov/Archives/edgar/data/1018724/000089924320018375/xslF345X03/doc4.xml
0000899243-20-018375,AMZN,2020-07-01,2020-07-02,Director,2,2814.675,https://www.sec.gov/Archives/edgar/data/1018724/000089924320018375/xslF345X03/doc4.xml
0000899243-20-018375,AMZN,2020-07-01,2020-07-02,Director,2,2815.69,https://www.sec.gov/Archives/edgar/data/1018724/000089924320018375/xslF345X03/doc4.xml
0000899243-20-018375,AMZN,2020-07-01,2020-07-02,Director,1,2816.41,https://www.sec.gov/Archives/edgar/data/1018724/000089924320018375/xslF345X03/doc4.xml
0000899243-20-018371,AMZN,2020-07-01,2020-07-02,Director,3,2758.0233,https://www.sec.gov/Archives/edgar/data/1018724/000089924320018371/xslF345X03/doc4.xml
0000899243-20-018371,AMZN,2020-07-01,2020-07-02,Director,5,2759.56,https://www.sec.gov/Archives/edgar/data/1018724/000089924320018371/xslF345X03/doc4.xml
0000899243-20-018371,AMZN,2020-07-01,2020-07-02,Director,1,2760.50,https://www.sec.gov/Archives/edgar/data/1018724/000089924320018371/xslF345X03/doc4.xml
0000899243-20-018371,AMZN,2020-07-01,2020-07-02,Director,1,2761.48,https://www.sec.gov/Archives/edgar/data/1018724/000089924320018371/xslF345X03/doc4.xml
0000899243-20-018371,AMZN,2020-07-01,2020-07-02,Director,2,2762.71,https://www.sec.gov/Archives/edgar/data/1018724/000089924320018371/xslF345X03/doc4.xml
0000899243-20-018371,AMZN,2020-07-01,2020-07-02,Director,7,2763.3657,https://www.sec.gov/Archives/edgar/data/1018724/000089924320018371/xslF345X03/doc4.xml
0000899243-20-018371,AMZN,2020-07-01,2020-07-02,Director,3,2765.4533,https://www.sec.gov/Archives/edgar/data/1018724/000089924320018371/xslF345X03/doc4.xml
0000899243-20-018371,AMZN,2020-07-01,2020-07-02,Director,1,2766.56,https://www.sec.gov/Archives/edgar/data/1018724/000089924320018371/xslF345X03/doc4.xml
0000899243-20-018371,AMZN,2020-07-01,2020-07-02,Director,5,2767.41,https://www.sec.gov/Archives/edgar/data/1018724/000089924320018371/xslF345X03/doc4.xml
0000899243-20-018371,AMZN,2020-07-01,2020-07-02,Director,4,2768.3425,https://www.sec.gov/Archives/edgar/data/1018724/000089924320018371/xslF345X03/doc4.xml
0000899243-20-018371,AMZN,2020-07-01,2020-07-02,Director,1,2769.16,https://www.sec.gov/Archives/edgar/data/1018724/000089924320018371/xslF345X03/doc4.xml
0000899243-20-018371,AMZN,2020-07-01,2020-07-02,Director,3,2770.39,https://www.sec.gov/Archives/edgar/data/1018724/000089924320018371/xslF345X03/doc4.xml
0000899243-20-018371,AMZN,2020-07-01,2020-07-02,Director,3,2773.3133,https://www.sec.gov/Archives/edgar/data/1018724/000089924320018371/xslF345X03/doc4.xml
0000899243-20-018371,AMZN,2020-07-01,2020-07-02,Director,1,2773.99,https://www.sec.gov/Archives/edgar/data/1018724/000089924320018371/xslF345X03/doc4.xml
0000899243-20-018371,AMZN,2020-07-01,2020-07-02,Director,1,2776.29,https://www.sec.gov/Archives/edgar/data/1018724/000089924320018371/xslF345X03/doc4.xml
0000899243-20-018371,AMZN,2020-07-01,2020-07-02,Director,2,2777.41,https://www.sec.gov/Archives/edgar/data/1018724/000089924320018371/xslF345X03/doc4.xml
0000899243-20-018371,AMZN,2020-07-01,2020-07-02,Director,3,2778.6733,https://www.sec.gov/Archives/edgar/data/1018724/000089924320018371/xslF345X03/doc4.xml
0000899243-20-018371,AMZN,2020-07-01,2020-07-02,Director,1,2779.24,https://www.sec.gov/Archives/edgar/data/1018724/000089924320018371/xslF345X03/doc4.xml
0000899243-20-018371,AMZN,2020-07-01,2020-07-02,Director,1,2782.80,https://www.sec.gov/Archives/edgar/data/1018724/000089924320018371/xslF345X03/doc4.xml
0000899243-20-018371,AMZN,2020-07-01,2020-07-02,Director,2,2783.495,https://www.sec.gov/Archives/edgar/data/1018724/000089924320018371/xslF345X03/doc4.xml
0000899243-20-018371,AMZN,2020-07-01,2020-07-02,Director,3,2784.4067,https://www.sec.gov/Archives/edgar/data/1018724/000089924320018371/xslF345X03/doc4.xml
0000899243-20-018371,AMZN,2020-07-01,2020-07-02,Director,1,2785.01,https://www.sec.gov/Archives/edgar/data/1018724/000089924320018371/xslF345X03/doc4.xml
0000899243-20-018371,AMZN,2020-07-01,2020-07-02,Director,1,2786.08,https://www.sec.gov/Archives/edgar/data/1018724/000089924320018371/xslF345X03/doc4.xml
0000899243-20-018371,AMZN,2020-07-01,2020-07-02,Director,3,2788.2867,https://www.sec.gov/Archives/edgar/data/1018724/000089924320018371/xslF345X03/doc4.xml
0000899243-20-018371,AMZN,2020-07-01,2020-07-02,Director,3,2789.5633,https://www.sec.gov/Archives/edgar/data/1018724/000089924320018371/xslF345X03/doc4.xml
0000899243-20-018371,AMZN,2020-07-01,2020-07-02,Director,1,2790.83,https://www.sec.gov/Archives/edgar/data/1018724/000089924320018371/xslF345X03/doc4.xml
0000899243-20-018371,AMZN,2020-07-01,2020-07-02,Director,3,2791.4867,https://www.sec.gov/Archives/edgar/data/1018724/000089924320018371/xslF345X03/doc4.xml
0000899243-20-018371,AMZN,2020-07-01,2020-07-02,Director,6,2792.1967,https://www.sec.gov/Archives/edgar/data/1018724/000089924320018371/xslF345X03/doc4.xml
0000899243-20-018371,AMZN,2020-07-01,2020-07-02,Director,2,2794.345,https://www.sec.gov/Archives/edgar/data/1018724/000089924320018371/xslF345X03/doc4.xml
0001127602-20-013168,AMZN,2020-04-01,2020-04-03,Director,2,1921.70,https://www.sec.gov/Archives/edgar/data/1018724/000112760220013168/xslF345X03/form4.xml
0001127602-20-013168,AMZN,2020-04-01,2020-04-03,Director,4,1922.6925,https://www.sec.gov/Archives/edgar/data/1018724/000112760220013168/xslF345X03/form4.xml
0001127602-20-013168,AMZN,2020-04-01,2020-04-03,Director,1,1923.76,https://www.sec.gov/Archives/edgar/data/1018724/000112760220013168/xslF345X03/form4.xml
0001127602-20-013168,AMZN,2020-04-01,2020-04-03,Director,3,1924.7033,https://www.sec.gov/Archives/edgar/data/1018724/000112760220013168/xslF345X03/form4.xml
0001127602-20-013168,AMZN,2020-04-01,2020-04-03,Director,1,1926.00,https://www.sec.gov/Archives/edgar/data/1018724/000112760220013168/xslF345X03/form4.xml
0001127602-20-013168,AMZN,2020-04-01,2020-04-03,Director,8,1926.7575,https://www.sec.gov/Archives/edgar/data/1018724/000112760220013168/xslF345X03/form4.xml
0001127602-20-013168,AMZN,2020-04-01,2020-04-03,Director,6,1927.8833,https://www.sec.gov/Archives/edgar/data/1018724/000112760220013168/xslF345X03/form4.xml
0001127602-20-013168,AMZN,2020-04-01,2020-04-03,Director,10,1928.644,https://www.sec.gov/Archives/edgar/data/1018724/000112760220013168/xslF345X03/form4.xml
0001127602-20-013168,AMZN,2020-04-01,2020-04-03,Director,7,1929.6871,https://www.sec.gov/Archives/edgar/data/1018724/000112760220013168/xslF345X03/form4.xml
0001127602-20-013168,AMZN,2020-04-01,2020-04-03,Director,11,1930.7473,https://www.sec.gov/Archives/edgar/data/1018724/000112760220013168/xslF345X03/form4.xml
0001127602-20-013168,AMZN,2020-04-01,2020-04-03,Director,20,1931.685,https://www.sec.gov/Archives/edgar/data/1018724/000112760220013168/xslF345X03/form4.xml
0001127602-20-013168,AMZN,2020-04-01,2020-04-03,Director,5,1932.732,https://www.sec.gov/Archives/edgar/data/1018724/000112760220013168/xslF345X03/form4.xml
0001127602-20-013168,AMZN,2020-04-01,2020-04-03,Director,7,1933.53,https://www.sec.gov/Archives/edgar/data/1018724/000112760220013168/xslF345X03/form4.xml
0001127602-20-013168,AMZN,2020-04-01,2020-04-03,Director,8,1934.6963,https://www.sec.gov/Archives/edgar/data/1018724/000112760220013168/xslF345X03/form4.xml
0001127602-20-013168,AMZN,2020-04-01,2020-04-03,Director,2,1935.84,https://www.sec.gov/Archives/edgar/data/1018724/000112760220013168/xslF345X03/form4.xml
0001127602-20-013168,AMZN,2020-04-01,2020-04-03,Director,2,1936.91,https://www.sec.gov/Archives/edgar/data/1018724/000112760220013168/xslF345X03/form4.xml
0001127602-20-013168,AMZN,2020-04-01,2020-04-03,Director,1,1937.25,https://www.sec.gov/Archives/edgar/data/1018724/000112760220013168/xslF345X03/form4.xml
0001127602-20-013168,AMZN,2020-04-01,2020-04-03,Director,2,1938.525,https://www.sec.gov/Archives/edgar/data/1018724/000112760220013168/xslF345X03/form4.xml
0001127602-20-001164,AMZN,2020-01-02,2020-01-06,Director,100,1875.00,https://www.sec.gov/Archives/edgar/data/1018724/000112760220001164/xslF345X03/form4.xml
0001127602-19-030288,AMZN,2019-10-04,2019-10-08,Director,100,1726.06,https://www.sec.gov/Archives/edgar/data/1018724/000112760219030288/xslF345X03/form4.xml
